Shopify Store Website,Email,Facebook Page,Twitter,LinkedIn,TikTok,Instagram
"https://triangl.com/en-pk
",,https://www.facebook.com/TrianglSwimwearIntl,NaN,NaN,https://www.tiktok.com/@triangl,http://instagram.com/triangl
"https://jococups.com/
","customercare@jococups.com ,customercare@jococups.com ,sales@jococups.com ,sales@jococups.com",https://facebook.com/jococups,NaN,NaN,NaN,https://www.instagram.com/p/CQcT4c2Boz8/
"https://popchart.co/
","orders@popchart.co ,hello@popchart.co ,orders@popchart.co ,orders@popchart.co ,hello@popchart.co ,hello@popchart.co",https://www.facebook.com/popchart.co,https://twitter.com/popchartlab,NaN,NaN,https://www.instagram.com/popchart.co/
"https://www.allbirds.com/
","help@allbirds.com ,help@allbirds.com",https://www.facebook.com/weareallbirds,https://twitter.com/allbirds,NaN,NaN,https://www.instagram.com/allbirds
"https://absolutenewyork.com/
","care@absnewyork.com ,care@absnewyork.com ,care@absnewyork.com ,care@absnewyork.com ,info@absnewyork.com ,info@absnewyork.com",https://www.facebook.com/absnyproducts/,https://twitter.com/absnyproducts?lang=en,NaN,https://www.tiktok.com/@absolutenewyork?lang=en,https://www.instagram.com/absnyproducts/?hl=en
"https://www.nyrb.com/
","orders@nybooks.com ,orders@nybooks.com ,bookclub@nybooks.info ,permissions@nybooks.com ,permissions@nybooks.com ,nduring@nybooks.com ,nduring@nybooks.com ,emma@obryen.co.uk ,emma@obryen.co.uk ,emma@obryen.co.uk ,nyrb@nybooks.com ,nyrb@nybooks.com",https://www.facebook.com/NYRB.Classics,https://twitter.com/NYRB_Imprints,NaN,NaN,https://instagram.com/nyrbooks
"https://www.alliedmaker.com/
",NaN,NaN,NaN,NaN,NaN,NaN
"https://spoke-art.com/
",NaN,NaN,NaN,NaN,NaN,NaN
"https://omathelabel.com/
","info@omathelabel.com ,info@omathelabel.com ,info@omathelabel.com ,info@omathelabel.com ,info@omathelabel.com ,info@omathelabel.com",https://www.facebook.com/omathelabel/,NaN,NaN,NaN,https://www.instagram.com/omathelabel/
"https://stubbsandwootton.com/
",NaN,NaN,NaN,NaN,NaN,NaN
"https://triangl.com/en-pk
",,https://www.facebook.com/TrianglSwimwearIntl,NaN,NaN,https://www.tiktok.com/@triangl,http://instagram.com/triangl
"https://jococups.com/
","customercare@jococups.com ,customercare@jococups.com ,sales@jococups.com ,sales@jococups.com",https://facebook.com/jococups,NaN,NaN,NaN,https://www.instagram.com/p/CQcT4c2Boz8/
"https://popchart.co/
","orders@popchart.co ,hello@popchart.co ,orders@popchart.co ,orders@popchart.co ,hello@popchart.co ,hello@popchart.co",https://www.facebook.com/popchart.co,https://twitter.com/popchartlab,NaN,NaN,https://www.instagram.com/popchart.co/
"https://www.allbirds.com/
","help@allbirds.com ,help@allbirds.com",https://www.facebook.com/weareallbirds,https://twitter.com/allbirds,NaN,NaN,https://www.instagram.com/allbirds
"https://absolutenewyork.com/
","care@absnewyork.com ,care@absnewyork.com ,care@absnewyork.com ,care@absnewyork.com ,info@absnewyork.com ,info@absnewyork.com",https://www.facebook.com/absnyproducts/,https://twitter.com/absnyproducts?lang=en,NaN,https://www.tiktok.com/@absolutenewyork?lang=en,https://www.instagram.com/absnyproducts/?hl=en
"https://www.nyrb.com/
","orders@nybooks.com ,orders@nybooks.com ,bookclub@nybooks.info ,permissions@nybooks.com ,permissions@nybooks.com ,nduring@nybooks.com ,nduring@nybooks.com ,emma@obryen.co.uk ,emma@obryen.co.uk ,emma@obryen.co.uk ,nyrb@nybooks.com ,nyrb@nybooks.com",https://www.facebook.com/NYRB.Classics,https://twitter.com/NYRB_Imprints,NaN,NaN,https://instagram.com/nyrbooks
"https://www.alliedmaker.com/
",NaN,NaN,NaN,NaN,NaN,NaN
"https://spoke-art.com/
",NaN,NaN,NaN,NaN,NaN,NaN
"https://omathelabel.com/
","info@omathelabel.com ,info@omathelabel.com ,info@omathelabel.com ,info@omathelabel.com ,info@omathelabel.com ,info@omathelabel.com",https://www.facebook.com/omathelabel/,NaN,NaN,NaN,https://www.instagram.com/omathelabel/
https://stubbsandwootton.com/,NaN,NaN,NaN,NaN,NaN,NaN
